alpha,n,d,theta_star,power,power_approx_2
0.1,1000,1,0.001,0.1001696388672,0.114277253160467
0.1,1000,2,0.001,0.100230275911423,0.0967515752924199
0.1,1000,10,0.001,0.100459501027287,0.0909048990906893
0.1,1000,1,0.002,0.100678505382504,0.115382824262505
0.1,1000,2,0.002,0.100921311700189,0.0979326223263707
0.1,1000,10,0.002,0.101842564132365,0.0926615393242656
0.1,1000,1,0.003,0.101526448485601,0.117222932763989
0.1,1000,2,0.003,0.102073725757035,0.099904191933718
0.1,1000,10,0.003,0.104162770232777,0.0956166542011581
0.1,1000,1,0.004,0.102713213745527,0.119793543771292
0.1,1000,2,0.004,0.103688529550842,0.102670470202308
0.1,1000,10,0.004,0.107442421509375,0.0998097639358526
0.1,1000,1,0.005,0.104238439391693,0.123088507446362
0.1,1000,2,0.005,0.105767099065251,0.106236266473317
0.1,1000,10,0.005,0.111712035065816,0.105293106313899
0.1,1000,1,0.006,0.10610165081047,0.127099142669618
0.1,1000,2,0.006,0.108311135228942,0.110606074523225
0.1,1000,10,0.006,0.117009620461866,0.112128590505602
0.1,1000,1,0.007,0.108302253560005,0.131813808629706
0.1,1000,2,0.007,0.111322613755454,0.115783013584939
0.1,1000,10,0.007,0.123379729929148,0.120383978284017
0.1,1000,1,0.008,0.110839524970234,0.137217522591236
0.1,1000,2,0.008,0.114803724922845,0.121767739620492
0.1,1000,10,0.008,0.130872270197329,0.130128414951092
0.1,1000,1,0.009,0.113712604408889,0.143291675480855
0.1,1000,2,0.009,0.118756803934404,0.128557416829594
0.1,1000,10,0.009,0.139541067266715,0.141427494225882
0.1,1000,1,0.01,0.116920482307421,0.15001388416454
0.1,1000,2,0.01,0.123184252608347,0.136144830122214
0.1,1000,10,0.01,0.149442180435723,0.154338102277743
0.1,1000,1,0.011,0.120461988053219,0.157358002729126
0.1,1000,2,0.011,0.128088453245841,0.144517702597784
0.1,1000,10,0.011,0.160631969552889,0.168903333906954
0.1,1000,1,0.012,0.124335776866023,0.165294297423949
0.1,1000,2,0.012,0.133471675622214,0.153658260322706
0.1,1000,10,0.012,0.173164929753701,0.185147797572656
0.1,1000,1,0.013,0.128540315787116,0.173789773672915
0.1,1000,2,0.013,0.13933597813444,0.163543062804385
0.1,1000,10,0.013,0.187091320592127,0.203073618321524
0.1,1000,1,0.014,0.133073868919438,0.182808630645596
0.1,1000,2,0.014,0.145683104218268,0.174143094487759
0.1,1000,10,0.014,0.202454630985584,0.222657407011686
0.1,1000,1,0.015,0.1379344820653,0.192312810370117
0.1,1000,2,0.015,0.152514375219555,0.185424092859463
0.1,1000,10,0.015,0.219288937025623,0.243848394787185
0.1,1000,1,0.016,0.143119966915692,0.202262604529444
0.1,1000,2,0.016,0.15983058096526,0.197347074042931
0.1,1000,10,0.016,0.237616225509529,0.266567842592989
0.1,1000,1,0.017,0.148627884951277,0.212617282453837
0.1,1000,2,0.017,0.167631869329518,0.20986900786644
0.1,1000,10,0.017,0.257443770879031,0.290709738416203
0.1,1000,1,0.018,0.154455531219945,0.223335707488725
0.1,1000,2,0.018,0.175917636127847,0.222943591160491
0.1,1000,10,0.018,0.278761665843142,0.316142701967216
0.1,1000,1,0.019,0.160599918159299,0.234376914755427
0.1,1000,2,0.019,0.184686416697188,0.236522069686655
0.1,1000,10,0.019,0.301540614999978,0.342712937873699
0.1,1000,1,0.02,0.167057759634529,0.245700630223085
0.1,1000,2,0.02,0.193935780530206,0.25055406440837
0.1,1000,10,0.02,0.325730105001143,0.370248021055903
0.1,1000,1,0.021,0.173825455362848,0.257267718032808
0.1,1000,2,0.021,0.203662230328296,0.264988365443816
0.1,1000,10,0.021,0.351257063138047,0.398561264874295
0.1,1000,1,0.022,0.180899075894981,0.269040549465167
0.1,1000,2,0.022,0.213861106818506,0.27977366573407
0.1,1000,10,0.022,0.378025107879262,0.427456413445337
0.1,1000,1,0.023,0.188274348322127,0.280983292387215
0.1,1000,2,0.023,0.22452650064466,0.29485921518189
0.1,1000,10,0.023,0.405914479460075,0.456732411048771
0.1,1000,1,0.024,0.195946642873333,0.293062124255858
0.1,1000,2,0.024,0.235651172592016,0.310195384018758
0.1,1000,10,0.024,0.434782716220669,0.486188028983307
0.1,1000,1,0.025,0.203910960563375,0.305245374772727
0.1,1000,2,0.025,0.247226483337813,0.325734130979384
0.1,1000,10,0.025,0.464466113657194,0.515626168124524
0.1,1000,1,0.026,0.212161922045106,0.317503606186683
0.1,1000,2,0.026,0.259242333837296,0.341429377291894
0.1,1000,10,0.026,0.49478196930236,0.544857698563695
0.1,1000,1,0.027,0.220693757812729,0.329809640198877
0.1,1000,2,0.027,0.271687117356494,0.357237291508887
0.1,1000,10,0.027,0.525531579324489,0.573704741590246
0.1,1000,1,0.028,0.229500299893802,0.342138540644055
0.1,1000,2,0.028,0.284547684050057,0.373116492919768
0.1,1000,10,0.028,0.556503914294015,0.602003340506361
0.1,1000,1,0.029,0.23857497515789,0.354467560800456
0.1,1000,2,0.029,0.297809318855608,0.389028182884305
0.1,1000,10,0.029,0.587479864371401,0.629605503026212
0.1,1000,1,0.03,0.247910800358849,0.36677606349769
0.1,1000,2,0.03,0.311455733336599,0.404936214128312
0.1,1000,10,0.03,0.618236910784517,0.656380628030177
0.1,1000,1,0.031,0.25750037901576,0.379045421295981
0.1,1000,2,0.031,0.325469071955045,0.420807108062556
0.1,1000,10,0.031,0.648554053348442,0.682216352769371
0.1,1000,1,0.032,0.267335900224628,0.391258903016759
0.1,1000,2,0.032,0.339829933095368,0.43661002972357
0.1,1000,10,0.032,0.678216805080351,0.707018873425249
0.1,1000,1,0.033,0.277409139479303,0.403401551898588
0.1,1000,2,0.033,0.354517404992934,0.452316729158828
0.1,1000,10,0.033,0.707022056302703,0.730712802815917
0.1,1000,1,0.034,0.287711461565651,0.415460059691786
0.1,1000,2,0.034,0.369509116547746,0.467901457124328
0.1,1000,10,0.034,0.734782612953446,0.753240634836015
0.1,1000,1,0.035,0.298233825578019,0.427422640125851
0.1,1000,2,0.035,0.384781302827461,0.483340861933172
0.1,1000,10,0.035,0.761331227286846,0.77456188684845
0.1,1000,1,0.036,0.308966792091575,0.439278904405312
0.1,1000,2,0.036,0.400308884886926,0.498613873263953
0.1,1000,10,0.036,0.786523963078353,0.794651989638846
0.1,1000,1,0.037,0.31990053250828,0.451019740718941
0.1,1000,2,0.037,0.416065563356177,0.513701577757954
0.1,1000,10,0.037,0.810242770375037,0.813500990553576
0.1,1000,1,0.038,0.331024840578233,0.462637199183078
0.1,1000,2,0.038,0.432023925077964,0.528587090335652
0.1,1000,10,0.038,0.832397184611811,0.831112129820678
0.1,1000,1,0.039,0.342329146081987,0.474124383175452
0.1,1000,2,0.039,0.448155561911862,0.543255424362391
0.1,1000,10,0.039,0.852925108888705,0.84750034342967
0.1,1000,1,0.04,0.353802530643375,0.485475347641633
0.1,1000,2,0.04,0.464431200667493,0.557693363096415
0.1,1000,10,0.04,0.871792683437862,0.862690738829176
0.1,1000,1,0.041,0.365433745626459,0.496685004660949
0.1,1000,2,0.041,0.480820842986589,0.571889334258561
0.1,1000,10,0.041,0.888993289825406,0.876717082484212
0.1,1000,1,0.042,0.377211232054619,0.507749036331002
0.1,1000,2,0.042,0.497293913865082,0.585833289065777
0.1,1000,10,0.042,0.904545776467173,0.889620331311192
0.1,1000,1,0.043,0.389123142474644,0.518663814858862
0.1,1000,2,0.043,0.513819417393904,0.599516586661655
0.1,1000,10,0.043,0.918492024254,0.901447233385849
0.1,1000,1,0.044,0.40115736467402,0.529426329622617
0.1,1000,2,0.044,0.530366098202838,0.612931884546318
0.1,1000,10,0.044,0.930893994753213,0.91224901723484
0.1,1000,1,0.045,0.413301547145734,0.540034120880283
0.1,1000,2,0.045,0.546902607016989,0.626073035344985
0.1,1000,10,0.045,0.941830417568705,0.922080183557399
0.1,1000,1,0.046,0.425543126181689,0.550485219746431
0.1,1000,2,0.046,0.563397668681519,0.638934990049209
0.1,1000,10,0.046,0.951393277753509,0.930997408417524
0.1,1000,1,0.047,0.437869354463629,0.560778094023776
0.1,1000,2,0.047,0.579820250978219,0.651513707707995
0.1,1000,10,0.047,0.959684259158765,0.939058562805606
0.1,1000,1,0.048,0.450267331009144,0.570911599461821
0.1,1000,2,0.048,0.596139732547741,0.663806071429177
0.1,1000,10,0.048,0.966811286392386,0.946321849973399
0.1,1000,1,0.049,0.462724032320201,0.580884936013125
0.1,1000,2,0.049,0.612326068244141,0.67580981046726
0.1,1000,10,0.049,0.972885288265618,0.952845059063503
0.1,1000,1,0.05,0.475226344572572,0.590697608666114
0.1,1000,2,0.05,0.628349950283541,0.687523428116061
0.1,1000,10,0.05,0.978017281161563,0.95868493123888
0.1,1000,1,0.051,0.487761096676805,0.600349392448791
0.1,1000,2,0.051,0.6441829636057,0.698946135087313
0.1,1000,10,0.051,0.982315843734356,0.963896632717502
0.1,1000,1,0.052,0.500315094034826,0.609840301217832
0.1,1000,2,0.052,0.659797733945087,0.710077788035644
0.1,1000,10,0.052,0.985885026760125,0.968533327777128
0.1,1000,1,0.053,0.512875152811178,0.619170559870725
0.1,1000,2,0.053,0.675168067205415,0.720918832881944
0.1,1000,10,0.053,0.988822715626128,0.972645843859481
0.1,1000,1,0.054,0.525428134534066,0.628340579643369
0.1,1000,2,0.054,0.690269078846899,0.731470252588272
0.1,1000,10,0.054,0.991219439353102,0.976282420316957
0.1,1000,1,0.055,0.537960980839065,0.637350936180933
0.1,1000,2,0.055,0.70507731212683,0.741733519045446
0.1,1000,10,0.055,0.993157600288714,0.979488532055902
0.1,1000,1,0.056,0.550460748167321,0.646202350095029
0.1,1000,2,0.056,0.719570844179245,0.751710548747407
0.1,1000,10,0.056,0.994711083346876,0.982306779289043
0.1,1000,1,0.057,0.562914642230577,0.654895669744829
0.1,1000,2,0.057,0.733729379076096,0.761403661942742
0.1,1000,10,0.057,0.995945193139617,0.984776834770223
0.1,1000,1,0.058,0.575310052057152,0.663431856003264
0.1,1000,2,0.058,0.747534327177925,0.770815544972147
0.1,1000,10,0.058,0.996916861422978,0.986935440205604
0.1,1000,1,0.059,0.587634583436242,0.671811968791741
0.1,1000,2,0.059,0.760968870253863,0.779949215520171
0.1,1000,10,0.059,0.997675065522609,0.988816443979692
0.1,1000,1,0.06,0.599876091582424,0.680037155187594
0.1,1000,2,0.06,0.774018012026117,0.788807990529556
0.1,1000,10,0.06,0.998261400169086,0.990450872868812
0.1,1000,1,0.061,0.612022712848078,0.688108638927866
0.1,1000,2,0.061,0.786668613970275,0.797395456546378
0.1,1000,10,0.061,0.998710749681727,0.991867031010294
0.1,1000,1,0.062,0.624062895318478,0.69602771115083
0.1,1000,2,0.062,0.798909416377005,0.805715442283536
0.1,1000,10,0.062,0.999052013874888,0.993090620027712
0.1,1000,1,0.063,0.635985428132481,0.703795722233016
0.1,1000,2,0.063,0.810731044850435,0.813771993208756
0.1,1000,10,0.063,0.999308848633586,0.994144874860223
0.1,1000,1,0.064,0.647779469381006,0.711414074594446
0.1,1000,2,0.064,0.822126002581317,0.821569347980842
0.1,1000,10,0.064,0.999500390111661,0.995050710489911
0.1,1000,1,0.065,0.659434572445734,0.718884216358327
0.1,1000,2,0.065,0.833088648886556,0.829111916574483
0.1,1000,10,0.065,0.999641939362343,0.995826875391088
0.1,1000,1,0.066,0.670940710651575,0.726207635763775
0.1,1000,2,0.066,0.843615164648938,0.836404259949261
0.1,1000,10,0.066,0.999745591474426,0.996490108128564
0.1,1000,1,0.067,0.682288300118349,0.733385856241212
0.1,1000,2,0.067,0.853703505419983,0.843451071132749
0.1,1000,10,0.067,0.999820799656022,0.997055294099688
0.1,1000,1,0.068,0.693468220709705,0.740420432070107
0.1,1000,2,0.068,0.863353343063323,0.850257157600607
0.1,1000,10,0.068,0.999874870013019,0.997535619941458
0.1,1000,1,0.069,0.704471834990448,0.747312944547712
0.1,1000,2,0.069,0.872565996914667,0.856827424848529
0.1,1000,10,0.069,0.999913386955568,0.997942723605216
0.1,1000,1,0.07,0.715291005117002,0.754064998605513
0.1,1000,2,0.07,0.88134435551623,0.863166861061714
0.1,1000,10,0.07,0.999940572267525,0.998286838535355
0.1,1000,1,0.071,0.725918107599671,0.760678219817349
0.1,1000,2,0.071,0.889692790048091,0.869280522797343
0.1,1000,10,0.071,0.999959582989749,0.998576930774281
0.1,1000,1,0.072,0.736346045889464,0.767154251749617
0.1,1000,2,0.072,0.897617060625789,0.875173521604402
0.1,1000,10,0.072,0.999972754537726,0.998820828154286
0.1,1000,1,0.073,0.746568260756463,0.773494753609743
0.1,1000,2,0.073,0.905124216662865,0.880851011513106
0.1,1000,10,0.073,0.999981796055351,0.99902534102944
0.1,1000,1,0.074,0.75657873844089,0.779701398154273
0.1,1000,2,0.074,0.912222492509103,0.886318177333337
0.1,1000,10,0.074,0.999987945060191,0.999196374249537
0.1,1000,1,0.075,0.76637201657209,0.785775869822504
0.1,1000,2,0.075,0.918921199570753,0.891580223707796
0.1,1000,10,0.075,0.999992088110924,0.999339030286293
0.1,1000,1,0.076,0.775943187864418,0.791719863065684
0.1,1000,2,0.076,0.925230616098718,0.896642364871267
0.1,1000,10,0.076,0.999994853656081,0.999457703592732
0.1,1000,1,0.077,0.785287901612474,0.797535080845442
0.1,1000,2,0.077,0.931161875795819,0.901509815072375
0.1,1000,10,0.077,0.999996682513077,0.999556166413505
0.1,1000,1,0.078,0.794402363021104,0.803223233278321
0.1,1000,2,0.078,0.936726856345915,0.906187779618622
0.1,1000,10,0.078,0.99999788066216,0.999637646370294
0.1,1000,1,0.079,0.80328333041802,0.808786036406201
0.1,1000,2,0.079,0.941938068907534,0.91068144650944
0.1,1000,10,0.079,0.999998658283068,0.999704896226176
0.1,1000,1,0.08,0.811928110408686,0.814225211074896
0.1,1000,2,0.08,0.946808549544066,0.914995978625363
0.1,1000,10,0.08,0.999999158254281,0.999760256289245
0.1,1000,1,0.081,0.820334551044211,0.819542481905512
0.1,1000,2,0.081,0.951351753483383,0.919136506444474
0.1,1000,10,0.081,0.999999476700656,0.999805709952385
0.1,1000,1,0.082,0.828501033083259,0.824739576345121
0.1,1000,2,0.082,0.955581453013545,0.923108121259867
0.1,1000,10,0.082,0.999999677626722,0.999842932885894
0.1,1000,1,0.083,0.836426459438489,0.829818223785103
0.1,1000,2,0.083,0.95951163972975,0.926915868874175
0.1,1000,10,0.083,0.99999980321223,0.999873336405687
0.1,1000,1,0.084,0.844110242906524,0.834780154737062
0.1,1000,2,0.084,0.963156431752727,0.930564743749167
0.1,1000,10,0.084,0.999999880969465,0.999898105534587
0.1,1000,1,0.085,0.851552292288128,0.839627100057609
0.1,1000,2,0.085,0.966529986441807,0.934059683590155
0.1,1000,10,0.085,0.999999928660317,0.999918232260215
0.1,1000,1,0.086,0.858752997011863,0.844360790214537
0.1,1000,2,0.086,0.969646419028717,0.9374055643464
0.1,1000,10,0.086,0.999999957634916,0.999934544472237
0.1,1000,1,0.087,0.865713210380163,0.848982954587979
0.1,1000,2,0.087,0.972519727502071,0.940607195610015
0.1,1000,10,0.087,0.999999975072371,0.999947731036013
0.1,1000,1,0.088,0.872434231561392,0.853495320801104
0.1,1000,2,0.088,0.975163723978986,0.943669316396894
0.1,1000,10,0.088,0.999999985467443,0.999958363430671
0.1,1000,1,0.089,0.878917786455073,0.857899614075732
0.1,1000,2,0.089,0.977591972710469,0.94659659129418
0.1,1000,10,0.089,0.999999991605716,0.999966914348481
0.1,1000,1,0.09,0.885166007560079,0.862197556608992
0.1,1000,2,0.09,0.979817734782196,0.949393606959532
0.1,1000,10,0.09,0.999999995196049,0.999973773620307
0.1,1000,1,0.091,0.891181412977199,0.866390866967792
0.1,1000,2,0.091,0.981853919493054,0.952064868958155
0.1,1000,10,0.091,0.999999997276172,0.999979261799708
0.1,1000,1,0.092,0.896966884678134,0.870481259498421
0.1,1000,2,0.092,0.983713042320947,0.954614798924088
0.1,1000,10,0.092,0.999999998469899,0.999983641706625
0.1,1000,1,0.093,0.902525646172669,0.874470443749124
0.1,1000,2,0.093,0.985407189319596,0.957047732032781
0.1,1000,10,0.093,0.999999999148444,0.999987128201102
0.1,1000,1,0.094,0.907861239704559,0.878360123903885
0.1,1000,2,0.094,0.986947987731636,0.959367914772348
0.1,1000,10,0.094,0.999999999530482,0.999989896428486
0.1,1000,1,0.095,0.912977503104617,0.882151998226066
0.1,1000,2,0.095,0.988346582552686,0.961579503001266
0.1,1000,10,0.095,0.999999999743533,0.999992088750353
0.1,1000,1,0.096,0.917878546426573,0.885847758510838
0.1,1000,2,0.096,0.989613618738111,0.963686560280576
0.1,1000,10,0.096,0.999999999861214,0.999993820550167
0.1,1000,1,0.097,0.922568728487677,0.889449089545652
0.1,1000,2,0.097,0.990759228709077,0.965693056468912
0.1,1000,10,0.097,0.999999999925597,0.999995185079473
0.1,1000,1,0.098,0.927052633431639,0.892957668578205
0.1,1000,2,0.098,0.991793024786937,0.967602866568884
0.1,1000,10,0.098,0.999999999960486,0.999996257489312
0.1,1000,1,0.099,0.931335047426565,0.896375164791598
0.1,1000,2,0.099,0.992724096164706,0.969419769813568
0.1,1000,10,0.099,0.999999999979211,0.999997098172467
0.1,1000,1,0.1,0.935420935604981,0.899703238786525
0.1,1000,2,0.1,0.99356101001112,0.971147448982026
0.1,1000,10,0.1,0.999999999989165,0.999997755525062
0.1,1000,1,0.101,0.939315419347021,0.9029435420705
0.1,1000,2,0.101,0.994311816295898,0.972789489932938
0.1,1000,10,0.101,0.999999999994406,0.999998268220793
0.1,1000,1,0.102,0.943023754001351,0.906097716554249
0.1,1000,2,0.102,0.994984055924002,0.974349381345612
0.1,1000,10,0.102,0.999999999997139,0.999998667077656
0.1,1000,1,0.103,0.94655130713162,0.909167394055476
0.1,1000,2,0.103,0.995584771771207,0.975830514657752
0.1,1000,10,0.103,0.99999999999855,0.999998976585181
0.1,1000,1,0.104,0.949903537369067,0.912154195810338
0.1,1000,2,0.104,0.996120522222646,0.977236184189563
0.1,1000,10,0.104,0.999999999999273,0.99999921614988
0.1,1000,1,0.105,0.953085973944588,0.915059731992975
0.1,1000,2,0.105,0.996597396829482,0.978569587443892
0.1,1000,10,0.105,0.999999999999638,0.999999401107643
0.1,1000,1,0.106,0.956104196966097,0.917885601243541
0.1,1000,2,0.106,0.997021033715935,0.979833825572273
0.1,1000,10,0.106,0.999999999999822,0.999999543544065
0.1,1000,1,0.107,0.958963818499405,0.92063339020519
0.1,1000,2,0.107,0.997396638388859,0.981031903996919
0.1,1000,10,0.107,0.999999999999913,0.999999652957059
0.1,1000,1,0.108,0.961670464503269,0.923304673070509
0.1,1000,2,0.108,0.997729003624379,0.982166733178847
0.1,1000,10,0.108,0.999999999999958,0.999999736790381
0.1,1000,1,0.109,0.964229757661698,0.925901011137908
0.1,1000,2,0.109,0.998022530130119,0.983241129522543
0.1,1000,10,0.109,0.99999999999998,0.999999800861884
0.1,1000,1,0.11,0.966647301149132,0.928423952378486
0.1,1000,2,0.11,0.998281247706818,0.984257816407714
0.1,1000,10,0.11,0.99999999999999,0.999999849706212
0.1,1000,1,0.111,0.968928663356814,0.930875031013889
0.1,1000,2,0.111,0.998508836659053,0.985219425338911
0.1,1000,10,0.111,0.999999999999996,0.999999886848175
0.1,1000,1,0.112,0.971079363601542,0.933255767105663
0.1,1000,2,0.112,0.998708649230957,0.986128497204002
0.1,1000,10,0.112,0.999999999999998,0.999999915020164
0.1,1000,1,0.113,0.973104858831129,0.935567666156624
0.1,1000,2,0.113,0.998883730868828,0.98698748363267
0.1,1000,10,0.113,1,0.999999936334538
0.1,1000,1,0.114,0.975010531334319,0.937812218724708
0.1,1000,2,0.114,0.999036841137976,0.987798748446379
0.1,1000,10,0.114,1,0.999999952419888
0.1,1000,1,0.115,0.976801677456604,0.939990900049778
0.1,1000,2,0.115,0.999170474145773,0.988564569191455
0.1,1000,10,0.115,1,0.999999964528424
0.1,1000,1,0.116,0.978483497317523,0.942105169693832
0.1,1000,2,0.116,0.999286878346412,0.989287138747173
0.1,1000,10,0.116,1,0.999999973620363
0.1,1000,1,0.117,0.980061085519431,0.944156471195015
0.1,1000,2,0.117,0.999388075625041,0.98996856700103
0.1,1000,10,0.117,1,0.999999980430021
0.1,1000,1,0.118,0.981539422832593,0.946146231735829
0.1,1000,2,0.118,0.999475879579742,0.990610882583588
0.1,1000,10,0.118,1,0.999999985517452
0.1,1000,1,0.119,0.982923368836756,0.948075861825902
0.1,1000,2,0.119,0.999551912938906,0.9912160346556
0.1,1000,10,0.119,1,0.999999989308651
0.1,1000,1,0.12,0.984217655494981,0.949946754999627
0.1,1000,2,0.12,0.99961762406909,0.991785894740348
0.1,1000,10,0.12,1,0.999999992126771
0.1,1000,1,0.121,0.985426881631693,0.951760287528966
0.1,1000,2,0.121,0.999674302544199,0.992322258594443
0.1,1000,10,0.121,1,0.999999994216298
0.1,1000,1,0.122,0.986555508283438,0.95351781815168
0.1,1000,2,0.122,0.999723093760904,0.992826848110593
0.1,1000,10,0.122,1,0.999999995761702
0.1,1000,1,0.123,0.987607854887819,0.955220687815195
0.1,1000,2,0.123,0.999765012597607,0.993301313246152
0.1,1000,10,0.123,1,0.9999999969018
0.1,1000,1,0.124,0.988588096273516,0.956870219436305
0.1,1000,2,0.124,0.999800956124991,0.993747233971522
0.1,1000,10,0.124,1,0.999999997740774
0.1,1000,1,0.125,0.989500260412134,0.958467717676849
0.1,1000,2,0.125,0.999831715385357,0.9941661222328
0.1,1000,10,0.125,1,0.999999998356605
0.1,1000,1,0.126,0.990348226890844,0.960014468735483
0.1,1000,2,0.126,0.999857986265653,0.994559423923328
0.1,1000,10,0.126,1,0.999999998807505
0.1,1000,1,0.127,0.991135726063474,0.961511740155635
0.1,1000,2,0.127,0.999880379495358,0.994928520859113
0.1,1000,10,0.127,1,0.999999999136818
0.1,1000,1,0.128,0.991866338836674,0.962960780649684
0.1,1000,2,0.128,0.9998994298054,0.995274732753343
0.1,1000,10,0.128,1,0.999999999376724
0.1,1000,1,0.129,0.992543497047205,0.96436281993938
0.1,1000,2,0.129,0.999915604288113,0.995599319185549
0.1,1000,10,0.129,1,0.999999999551058
0.1,1000,1,0.13,0.993170484386102,0.96571906861249
0.1,1000,2,0.13,0.999929310000981,0.995903481561209
0.1,1000,10,0.13,1,0.999999999677425
0.1,1000,1,0.131,0.993750437825504,0.967030717995614
0.1,1000,2,0.131,0.999940900858766,0.996188365057889
0.1,1000,10,0.131,1,0.999999999768792
0.1,1000,1,0.132,0.994286349504281,0.968298940043106
0.1,1000,2,0.132,0.999950683859572,0.996455060554296
0.1,1000,10,0.132,1,0.999999999834687
0.1,1000,1,0.133,0.994781069029197,0.96952488724197
0.1,1000,2,0.133,0.999958924690675,0.996704606538854
0.1,1000,10,0.133,1,0.999999999882093
0.1,1000,1,0.134,0.995237306149177,0.970709692532612
0.1,1000,2,0.134,0.999965852759616,0.996937990994727
0.1,1000,10,0.134,1,0.999999999916111
0.1,1000,1,0.135,0.995657633761354,0.971854469245274
0.1,1000,2,0.135,0.999971665695134,0.997156153258418
0.1,1000,10,0.135,1,0.999999999940461
0.1,1000,1,0.136,0.996044491208795,0.972960311051964
0.1,1000,2,0.136,0.999976533361287,0.997359985849373
0.1,1000,10,0.136,1,0.999999999957847
0.1,1000,1,0.137,0.996400187831284,0.974028291933662
0.1,1000,2,0.137,0.999980601426424,0.997550336268217
0.1,1000,10,0.137,1,0.99999999997023
0.1,1000,1,0.138,0.996726906732092,0.975059466162562
0.1,1000,2,0.138,0.999983994526812,0.997728008761514
0.1,1000,10,0.138,1,0.999999999979026
0.1,1000,1,0.139,0.997026708725397,0.976054868299105
0.1,1000,2,0.139,0.9999868190626,0.997893766051158
0.1,1000,10,0.139,1,0.99999999998526
0.1,1000,1,0.14,0.997301536430799,0.977015513203496
0.1,1000,2,0.14,0.99998916566162,0.998048331026735
0.1,1000,10,0.14,1,0.999999999989667
0.1,1000,1,0.141,0.997553218483303,0.977942396061429
0.1,1000,2,0.141,0.999991111344194,0.998192388399366
0.1,1000,10,0.141,1,0.999999999992774
0.1,1000,1,0.142,0.997783473829024,0.978836492423681
0.1,1000,2,0.142,0.999992721419788,0.998326586315806
0.1,1000,10,0.142,1,0.999999999994959
0.1,1000,1,0.143,0.997993916078924,0.979698758259256
0.1,1000,2,0.143,0.999994051144054,0.998451537931708
0.1,1000,10,0.143,1,0.999999999996492
0.1,1000,1,0.144,0.998186057894826,0.980530130021715
0.1,1000,2,0.144,0.999995147162462,0.998567822943165
0.1,1000,10,0.144,1,0.999999999997565
0.1,1000,1,0.145,0.998361315384005,0.981331524728336
0.1,1000,2,0.145,0.999996048764551,0.99867598907584
0.1,1000,10,0.145,1,0.999999999998314
0.1,1000,1,0.146,0.998521012480608,0.982103840051721
0.1,1000,2,0.146,0.999996788970652,0.998776553531113
0.1,1000,10,0.146,1,0.999999999998835
0.1,1000,1,0.147,0.998666385294151,0.982847954423463
0.1,1000,2,0.147,0.999997395470903,0.99887000438887
0.1,1000,10,0.147,1,0.999999999999197
0.1,1000,1,0.148,0.998798586407247,0.983564727149474
0.1,1000,2,0.148,0.999997891434464,0.998956801966682
0.1,1000,10,0.148,1,0.999999999999448
0.1,1000,1,0.149,0.998918689106595,0.984254998536562
0.1,1000,2,0.149,0.999998296205013,0.999037380135264
0.1,1000,10,0.149,1,0.999999999999622
0.1,1000,1,0.15,0.999027691533083,0.984919590029852
0.1,1000,2,0.15,0.999998625896915,0.999112147590242
0.1,1000,10,0.15,1,0.999999999999741
0.1,1000,1,0.151,0.999126520738593,0.985559304360607
0.1,1000,2,0.151,0.999998893904933,0.999181489080356
0.1,1000,10,0.151,1,0.999999999999823
0.1,1000,1,0.152,0.999216036638763,0.986174925704046
0.1,1000,2,0.152,0.999999111338868,0.999245766592363
0.1,1000,10,0.152,1,0.99999999999988
0.1,1000,1,0.153,0.999297035852557,0.986767219846712
0.1,1000,2,0.153,0.999999287393227,0.999305320492967
0.1,1000,10,0.153,1,0.999999999999918
0.1,1000,1,0.154,0.999370255420996,0.987336934362951
0.1,1000,2,0.154,0.999999429660848,0.99936047062826
0.1,1000,10,0.154,1,0.999999999999945
0.1,1000,1,0.155,0.999436376398784,0.98788479880008
0.1,1000,2,0.155,0.999999544398267,0.999411517381156
0.1,1000,10,0.155,1,0.999999999999963
0.1,1000,1,0.156,0.999496027313931,0.988411524871792
0.1,1000,2,0.156,0.999999636749714,0.999458742687473
0.1,1000,10,0.156,1,0.999999999999975
0.1,1000,1,0.157,0.999549787491653,0.988917806659359
0.1,1000,2,0.157,0.999999710935699,0.999502411011309
0.1,1000,10,0.157,1,0.999999999999983
0.1,1000,1,0.158,0.999598190239999,0.989404320820204
0.1,1000,2,0.158,0.999999770411386,0.999542770280469
0.1,1000,10,0.158,1,0.999999999999989
0.1,1000,1,0.159,0.999641725895657,0.989871726803399
0.1,1000,2,0.159,0.999999817999271,0.999580052782741
0.1,1000,10,0.159,1,0.999999999999993
0.1,1000,1,0.16,0.99968084472937,0.990320667071653
0.1,1000,2,0.16,0.999999856000058,0.999614476023858
0.1,1000,10,0.16,1,0.999999999999995
0.1,1000,1,0.161,0.999715959711242,0.990751767329362
0.1,1000,2,0.161,0.999999886285083,0.999646243548051
0.1,1000,10,0.161,1,0.999999999999997
0.1,1000,1,0.162,0.99974744913695,0.991165636756296
0.1,1000,2,0.162,0.999999910373173,0.999675545722106
0.1,1000,10,0.162,1,0.999999999999998
0.1,1000,1,0.163,0.999775659116631,0.991562868246496
0.1,1000,2,0.163,0.9999999294944,0.999702560483893
0.1,1000,10,0.163,1,0.999999999999999
0.1,1000,1,0.164,0.999800905928739,0.991944038651968
0.1,1000,2,0.164,0.999999944642846,0.99972745405635
0.1,1000,10,0.164,1,1
0.1,1000,1,0.165,0.99982347824175,0.992309709030758
0.1,1000,2,0.165,0.999999956620154,0.999750381627921
0.1,1000,10,0.165,1,1
0.1,1000,1,0.166,0.999843639207027,0.992660424899013
0.1,1000,2,0.166,0.9999999660714,0.999771488000473
0.1,1000,10,0.166,1,1
0.1,1000,1,0.167,0.999861628426518,0.99299671648662
0.1,1000,2,0.167,0.999999973514564,0.999790908205724
0.1,1000,10,0.167,1,1
0.1,1000,1,0.168,0.999877663799329,0.993319098996043
0.1,1000,2,0.168,0.999999979364683,0.999808768091227
0.1,1000,10,0.168,1,1
0.1,1000,1,0.169,0.999891943251419,0.993628072863972
0.1,1000,2,0.169,0.999999983953601,0.99982518487693
0.1,1000,10,0.169,1,1
0.1,1000,1,0.17,0.999904646352898,0.99392412402541
0.1,1000,2,0.17,0.99999998754608,0.999840267683387
0.1,1000,10,0.17,1,1
0.1,1000,1,0.171,0.99991593582755,0.99420772417984
0.1,1000,2,0.171,0.999999990352913,0.999854118032629
0.1,1000,10,0.171,1,1
0.1,1000,1,0.172,0.999925958959318,0.994479331059116
0.1,1000,2,0.172,0.999999992541568,0.999866830322742
0.1,1000,10,0.172,1,1
0.1,1000,1,0.173,0.999934848900516,0.994739388696727
0.1,1000,2,0.173,0.999999994244809,0.999878492277166
0.1,1000,10,0.173,1,1
0.1,1000,1,0.174,0.999942725886606,0.99498832769811
0.1,1000,2,0.174,0.999999995567666,0.999889185369735
0.1,1000,10,0.174,1,1
0.1,1000,1,0.175,0.999949698362321,0.995226565511681
0.1,1000,2,0.175,0.999999996593053,0.999898985226436
0.1,1000,10,0.175,1,1
0.1,1000,1,0.176,0.999955864023904,0.995454506700273
0.1,1000,2,0.176,0.999999997386287,0.999907962004882
0.1,1000,10,0.176,1,1
0.1,1000,1,0.177,0.999961310782139,0.99567254321267
0.1,1000,2,0.177,0.99999999799871,0.99991618075245
0.1,1000,10,0.177,1,1
0.1,1000,1,0.178,0.999966117650794,0.995881054654965
0.1,1000,2,0.178,0.9999999984706,0.999923701744025
0.1,1000,10,0.178,1,1
0.1,1000,1,0.179,0.999970355564934,0.996080408561431
0.1,1000,2,0.179,0.999999998833484,0.999930580800273
0.1,1000,10,0.179,1,1
0.1,1000,1,0.18,0.999974088133494,0.996270960664659
0.1,1000,2,0.18,0.999999999111987,0.999936869587336
0.1,1000,10,0.18,1,1
0.1,1000,1,0.181,0.999977372330306,0.996453055164696
0.1,1000,2,0.181,0.999999999325308,0.999942615898819
0.1,1000,10,0.181,1,1
0.1,1000,1,0.182,0.999980259127659,0.996627024996923
0.1,1000,2,0.182,0.999999999488378,0.999947863920928
0.1,1000,10,0.182,1,1
0.1,1000,1,0.183,0.999982794076291,0.99679319209846
0.1,1000,2,0.183,0.999999999612786,0.999952654481565
0.1,1000,10,0.183,1,1
0.1,1000,1,0.184,0.999985017835553,0.996951867672843
0.1,1000,2,0.184,0.999999999707511,0.999957025284199
0.1,1000,10,0.184,1,1
0.1,1000,1,0.185,0.999986966657303,0.997103352452784
0.1,1000,2,0.185,0.999999999779492,0.999961011127264
0.1,1000,10,0.185,1,1
0.1,1000,1,0.186,0.999988672826935,0.997247936960788
0.1,1000,2,0.186,0.999999999834081,0.999964644109841
0.1,1000,10,0.186,1,1
0.1,1000,1,0.187,0.999990165064743,0.997385901767453
0.1,1000,2,0.187,0.999999999875398,0.999967953824343
0.1,1000,10,0.187,1,1
0.1,1000,1,0.188,0.999991468890669,0.997517517747252
0.1,1000,2,0.188,0.999999999906608,0.999970967536887
0.1,1000,10,0.188,1,1
0.1,1000,1,0.189,0.999992606955302,0.997643046331643
0.1,1000,2,0.189,0.999999999930137,0.999973710356029
0.1,1000,10,0.189,1,1
0.1,1000,1,0.19,0.999993599339827,0.997762739759325
0.1,1000,2,0.19,0.999999999947839,0.999976205390494
0.1,1000,10,0.19,1,1
0.1,1000,1,0.191,0.999994463827454,0.997876841323516
0.1,1000,2,0.191,0.999999999961132,0.999978473896518
0.1,1000,10,0.191,1,1
0.1,1000,1,0.192,0.999995216148691,0.997985585616082
0.1,1000,2,0.192,0.999999999971093,0.999980535415385
0.1,1000,10,0.192,1,1
0.1,1000,1,0.193,0.999995870202687,0.998089198768412
0.1,1000,2,0.193,0.999999999978544,0.999982407901735
0.1,1000,10,0.193,1,1
0.1,1000,1,0.194,0.999996438256692,0.998187898688899
0.1,1000,2,0.194,0.999999999984105,0.999984107843157
0.1,1000,10,0.194,1,1
0.1,1000,1,0.195,0.999996931125564,0.998281895296935
0.1,1000,2,0.195,0.999999999988247,0.999985650371604
0.1,1000,10,0.195,1,1
0.1,1000,1,0.196,0.999997358333093,0.998371390753294
0.1,1000,2,0.196,0.999999999991327,0.999987049367109
0.1,1000,10,0.196,1,1
0.1,1000,1,0.197,0.999997728256783,0.998456579686833
0.1,1000,2,0.197,0.999999999993612,0.999988317554258
0.1,1000,10,0.197,1,1
0.1,1000,1,0.198,0.999998048257636,0.998537649417415
0.1,1000,2,0.198,0.999999999995305,0.999989466591888
0.1,1000,10,0.198,1,1
0.1,1000,1,0.199,0.999998324796304,0.998614780174983
0.1,1000,2,0.199,0.999999999996555,0.999990507156402
0.1,1000,10,0.199,1,1
0.1,1000,1,0.2,0.999998563536936,0.998688145314713
0.1,1000,2,0.2,0.999999999997478,0.999991449019128
0.1,1000,10,0.2,1,1
0.1,1000,1,0.201,0.999998769439879,0.998757911528195
0.1,1000,2,0.201,0.999999999998157,0.999992301118079
0.1,1000,10,0.201,1,1
0.1,1000,1,0.202,0.99999894684433,0.998824239050592
0.1,1000,2,0.202,0.999999999998656,0.999993071624489
0.1,1000,10,0.202,1,1
0.1,1000,1,0.203,0.999999099541929,0.998887281863722
0.1,1000,2,0.203,0.999999999999021,0.999993768004458
0.1,1000,10,0.203,1,1
0.1,1000,1,0.204,0.999999230842208,0.998947187895043
0.1,1000,2,0.204,0.999999999999289,0.999994397076027
0.1,1000,10,0.204,1,1
0.1,1000,1,0.205,0.99999934363071,0.999004099212502
0.1,1000,2,0.205,0.999999999999485,0.999994965061988
0.1,1000,10,0.205,1,1
0.1,1000,1,0.206,0.999999440420546,0.999058152215233
0.1,1000,2,0.206,0.999999999999627,0.999995477638719
0.1,1000,10,0.206,1,1
0.1,1000,1,0.207,0.99999952339806,0.999109477820083
0.1,1000,2,0.207,0.999999999999731,0.999995939981306
0.1,1000,10,0.207,1,1
0.1,1000,1,0.208,0.999999594463234,0.999158201643966
0.1,1000,2,0.208,0.999999999999806,0.999996356805216
0.1,1000,10,0.208,1,1
0.1,1000,1,0.209,0.999999655265389,0.999204444182029
0.1,1000,2,0.209,0.99999999999986,0.99999673240475
0.1,1000,10,0.209,1,1
0.1,1000,1,0.21,0.999999707234688,0.999248320981651
0.1,1000,2,0.21,0.9999999999999,0.99999707068851
0.1,1000,10,0.21,1,1
0.1,1000,1,0.211,0.999999751609906,0.999289942812265
0.1,1000,2,0.211,0.999999999999928,0.999997375212087
0.1,1000,10,0.211,1,1
0.1,1000,1,0.212,0.999999789462868,0.999329415831033
0.1,1000,2,0.212,0.999999999999949,0.999997649208169
0.1,1000,10,0.212,1,1
0.1,1000,1,0.213,0.999999821719942,0.999366841744379
0.1,1000,2,0.213,0.999999999999963,0.999997895614252
0.1,1000,10,0.213,1,1
0.1,1000,1,0.214,0.99999984918091,0.999402317965415
0.1,1000,2,0.214,0.999999999999974,0.999998117098133
0.1,1000,10,0.214,1,1
0.1,1000,1,0.215,0.99999987253551,0.999435937767282
0.1,1000,2,0.215,0.999999999999981,0.999998316081348
0.1,1000,10,0.215,1,1
0.1,1000,1,0.216,0.999999892377936,0.999467790432436
0.1,1000,2,0.216,0.999999999999987,0.999998494760699
0.1,1000,10,0.216,1,1
0.1,1000,1,0.217,0.999999909219517,0.999497961397916
0.1,1000,2,0.217,0.999999999999991,0.999998655128022
0.1,1000,10,0.217,1,1
0.1,1000,1,0.218,0.999999923499796,0.999526532396645
0.1,1000,2,0.218,0.999999999999993,0.999998798988326
0.1,1000,10,0.218,1,1
0.1,1000,1,0.219,0.999999935596199,0.999553581594784
0.1,1000,2,0.219,0.999999999999995,0.999998927976423
0.1,1000,10,0.219,1,1
0.1,1000,1,0.22,0.999999945832464,0.99957918372521
0.1,1000,2,0.22,0.999999999999997,0.99999904357217
0.1,1000,10,0.22,1,1
0.1,1000,1,0.221,0.99999995448598,0.999603410217142
0.1,1000,2,0.221,0.999999999999998,0.999999147114425
0.1,1000,10,0.221,1,1
0.1,1000,1,0.222,0.999999961794163,0.999626329321998
0.1,1000,2,0.222,0.999999999999998,0.999999239813823
0.1,1000,10,0.222,1,1
0.1,1000,1,0.223,0.999999967959998,0.999648006235498
0.1,1000,2,0.223,1,0.999999322764462
0.1,1000,10,0.223,1,1
0.1,1000,1,0.224,0.999999973156848,0.999668503216111
0.1,1000,2,0.224,1,0.999999396954581
0.1,1000,10,0.224,1,1
0.1,1000,1,0.225,0.999999977532616,0.99968787969987
0.1,1000,2,0.225,1,0.99999946327632
0.1,1000,10,0.225,1,1
0.1,1000,1,0.226,0.999999981213346,0.999706192411637
0.1,1000,2,0.226,1,0.999999522534626
0.1,1000,10,0.226,1,1
0.1,1000,1,0.227,0.999999984306342,0.999723495472872
0.1,1000,2,0.227,1,0.999999575455382
0.1,1000,10,0.227,1,1
0.1,1000,1,0.228,0.999999986902857,0.999739840505968
0.1,1000,2,0.228,1,0.999999622692818
0.1,1000,10,0.228,1,1
0.1,1000,1,0.229,0.999999989080404,0.999755276735227
0.1,1000,2,0.229,1,0.999999664836266
0.1,1000,10,0.229,1,1
0.1,1000,1,0.23,0.999999990904764,0.999769851084526
0.1,1000,2,0.23,1,0.999999702416308
0.1,1000,10,0.23,1,1
0.1,1000,1,0.231,0.999999992431693,0.999783608271759
0.1,1000,2,0.231,1,0.999999735910376
0.1,1000,10,0.231,1,1
0.1,1000,1,0.232,0.999999993708405,0.999796590900108
0.1,1000,2,0.232,1,0.999999765747844
0.1,1000,10,0.232,1,1
0.1,1000,1,0.233,0.999999994774837,0.999808839546227
0.1,1000,2,0.233,1,0.999999792314658
0.1,1000,10,0.233,1,1
0.1,1000,1,0.234,0.999999995664732,0.999820392845382
0.1,1000,2,0.234,1,0.999999815957538
0.1,1000,10,0.234,1,1
0.1,1000,1,0.235,0.999999996406572,0.999831287573652
0.1,1000,2,0.235,1,0.999999836987801
0.1,1000,10,0.235,1,1
0.1,1000,1,0.236,0.999999997024371,0.999841558727231
0.1,1000,2,0.236,1,0.999999855684823
0.1,1000,10,0.236,1,1
0.1,1000,1,0.237,0.999999997538355,0.999851239598916
0.1,1000,2,0.237,1,0.99999987229918
0.1,1000,10,0.237,1,1
0.1,1000,1,0.238,0.999999997965543,0.999860361851845
0.1,1000,2,0.238,1,0.999999887055499
0.1,1000,10,0.238,1,1
0.1,1000,1,0.239,0.999999998320237,0.999868955590558
0.1,1000,2,0.239,1,0.999999900155035
0.1,1000,10,0.239,1,1
0.1,1000,1,0.24,0.999999998614444,0.999877049429449
0.1,1000,2,0.24,1,0.999999911778006
0.1,1000,10,0.24,1,1
0.1,1000,1,0.241,0.999999998858236,0.999884670558681
0.1,1000,2,0.241,1,0.999999922085706
0.1,1000,10,0.241,1,1
0.1,1000,1,0.242,0.99999999906005,0.999891844807625
0.1,1000,2,0.242,1,0.999999931222413
0.1,1000,10,0.242,1,1
0.1,1000,1,0.243,0.999999999226947,0.999898596705901
0.1,1000,2,0.243,1,0.999999939317117
0.1,1000,10,0.243,1,1
0.1,1000,1,0.244,0.99999999936483,0.999904949542085
0.1,1000,2,0.244,1,0.999999946485078
0.1,1000,10,0.244,1,1
0.1,1000,1,0.245,0.999999999478629,0.999910925420145
0.1,1000,2,0.245,1,0.99999995282923
0.1,1000,10,0.245,1,1
0.1,1000,1,0.246,0.999999999572458,0.999916545313682
0.1,1000,2,0.246,1,0.999999958441453
0.1,1000,10,0.246,1,1
0.1,1000,1,0.247,0.999999999649743,0.999921829118028
0.1,1000,2,0.247,1,0.999999963403712
0.1,1000,10,0.247,1,1
0.1,1000,1,0.248,0.999999999713338,0.99992679570028
0.1,1000,2,0.248,1,0.999999967789094
0.1,1000,10,0.248,1,1
0.1,1000,1,0.249,0.999999999765615,0.999931462947323
0.1,1000,2,0.249,1,0.999999971662728
0.1,1000,10,0.249,1,1
0.1,1000,1,0.25,0.999999999808546,0.999935847811914
0.1,1000,2,0.25,1,0.999999975082626
0.1,1000,10,0.25,1,1
0.1,1000,1,0.251,0.999999999843766,0.999939966356877
0.1,1000,2,0.251,1,0.999999978100429
0.1,1000,10,0.251,1,1
0.1,1000,1,0.252,0.999999999872632,0.999943833797485
0.1,1000,2,0.252,1,0.999999980762085
0.1,1000,10,0.252,1,1
0.1,1000,1,0.253,0.999999999896266,0.999947464542075
0.1,1000,2,0.253,1,0.999999983108454
0.1,1000,10,0.253,1,1
0.1,1000,1,0.254,0.999999999915597,0.999950872230961
0.1,1000,2,0.254,1,0.999999985175852
0.1,1000,10,0.254,1,1
0.1,1000,1,0.255,0.999999999931393,0.999954069773701
0.1,1000,2,0.255,1,0.999999986996537
0.1,1000,10,0.255,1,1
0.1,1000,1,0.256,0.999999999944288,0.999957069384784
0.1,1000,2,0.256,1,0.999999988599152
0.1,1000,10,0.256,1,1
0.1,1000,1,0.257,0.999999999954803,0.999959882617767
0.1,1000,2,0.257,1,0.999999990009111
0.1,1000,10,0.257,1,1
0.1,1000,1,0.258,0.999999999963369,0.999962520397946
0.1,1000,2,0.258,1,0.999999991248955
0.1,1000,10,0.258,1,1
0.1,1000,1,0.259,0.999999999970341,0.999964993053596
0.1,1000,2,0.259,1,0.999999992338665
0.1,1000,10,0.259,1,1
0.1,1000,1,0.26,0.999999999976009,0.999967310345832
0.1,1000,2,0.26,1,0.999999993295943
0.1,1000,10,0.26,1,1
0.1,1000,1,0.261,0.999999999980613,0.999969481497146
0.1,1000,2,0.261,1,0.999999994136464
0.1,1000,10,0.261,1,1
0.1,1000,1,0.262,0.999999999984349,0.999971515218673
0.1,1000,2,0.262,1,0.9999999948741
0.1,1000,10,0.262,1,1
0.1,1000,1,0.263,0.999999999987378,0.999973419736217
0.1,1000,2,0.263,1,0.999999995521122
0.1,1000,10,0.263,1,1
0.1,1000,1,0.264,0.99999999998983,0.99997520281511
0.1,1000,2,0.264,1,0.999999996088378
0.1,1000,10,0.264,1,1
0.1,1000,1,0.265,0.999999999991814,0.999976871783917
0.1,1000,2,0.265,1,0.999999996585453
0.1,1000,10,0.265,1,1
0.1,1000,1,0.266,0.999999999993417,0.999978433557063
0.1,1000,2,0.266,1,0.999999997020814
0.1,1000,10,0.266,1,1
0.1,1000,1,0.267,0.999999999994712,0.9999798946564
0.1,1000,2,0.267,1,0.999999997401931
0.1,1000,10,0.267,1,1
0.1,1000,1,0.268,0.999999999995756,0.999981261231767
0.1,1000,2,0.268,1,0.999999997735396
0.1,1000,10,0.268,1,1
0.1,1000,1,0.269,0.999999999996597,0.999982539080588
0.1,1000,2,0.269,1,0.999999998027023
0.1,1000,10,0.269,1,1
0.1,1000,1,0.27,0.999999999997274,0.99998373366653
0.1,1000,2,0.27,1,0.999999998281933
0.1,1000,10,0.27,1,1
0.1,1000,1,0.271,0.999999999997819,0.99998485013728
0.1,1000,2,0.271,1,0.999999998504637
0.1,1000,10,0.271,1,1
0.1,1000,1,0.272,0.999999999998256,0.999985893341456
0.1,1000,2,0.272,1,0.999999998699108
0.1,1000,10,0.272,1,1
0.1,1000,1,0.273,0.999999999998608,0.999986867844713
0.1,1000,2,0.273,1,0.99999999886884
0.1,1000,10,0.273,1,1
0.1,1000,1,0.274,0.999999999998889,0.999987777945049
0.1,1000,2,0.274,1,0.999999999016906
0.1,1000,10,0.274,1,1
0.1,1000,1,0.275,0.999999999999114,0.99998862768737
0.1,1000,2,0.275,1,0.999999999146007
0.1,1000,10,0.275,1,1
0.1,1000,1,0.276,0.999999999999295,0.99998942087733
0.1,1000,2,0.276,1,0.999999999258516
0.1,1000,10,0.276,1,1
0.1,1000,1,0.277,0.999999999999439,0.999990161094486
0.1,1000,2,0.277,1,0.999999999356517
0.1,1000,10,0.277,1,1
0.1,1000,1,0.278,0.999999999999554,0.999990851704795
0.1,1000,2,0.278,1,0.999999999441838
0.1,1000,10,0.278,1,1
0.1,1000,1,0.279,0.999999999999646,0.999991495872472
0.1,1000,2,0.279,1,0.999999999516082
0.1,1000,10,0.279,1,1
0.1,1000,1,0.28,0.999999999999719,0.999992096571266
0.1,1000,2,0.28,1,0.999999999580655
0.1,1000,10,0.28,1,1
0.1,1000,1,0.281,0.999999999999778,0.999992656595136
0.1,1000,2,0.281,1,0.99999999963679
0.1,1000,10,0.281,1,1
0.1,1000,1,0.282,0.999999999999824,0.999993178568401
0.1,1000,2,0.282,1,0.999999999685563
0.1,1000,10,0.282,1,1
0.1,1000,1,0.283,0.999999999999861,0.999993664955353
0.1,1000,2,0.283,1,0.99999999972792
0.1,1000,10,0.283,1,1
0.1,1000,1,0.284,0.99999999999989,0.999994118069375
0.1,1000,2,0.284,1,0.999999999764686
0.1,1000,10,0.284,1,1
0.1,1000,1,0.285,0.999999999999913,0.999994540081577
0.1,1000,2,0.285,1,0.999999999796584
0.1,1000,10,0.285,1,1
0.1,1000,1,0.286,0.999999999999932,0.999994933028988
0.1,1000,2,0.286,1,0.999999999824243
0.1,1000,10,0.286,1,1
0.1,1000,1,0.287,0.999999999999946,0.999995298822301
0.1,1000,2,0.287,1,0.999999999848216
0.1,1000,10,0.287,1,1
0.1,1000,1,0.288,0.999999999999958,0.99999563925322
0.1,1000,2,0.288,1,0.999999999868983
0.1,1000,10,0.288,1,1
0.1,1000,1,0.289,0.999999999999967,0.999995956001398
0.1,1000,2,0.289,1,0.999999999886964
0.1,1000,10,0.289,1,1
0.1,1000,1,0.29,0.999999999999974,0.999996250641019
0.1,1000,2,0.29,1,0.999999999902525
0.1,1000,10,0.29,1,1
0.1,1000,1,0.291,0.999999999999979,0.999996524647005
0.1,1000,2,0.291,1,0.999999999915984
0.1,1000,10,0.291,1,1
0.1,1000,1,0.292,0.999999999999984,0.9999967794009
0.1,1000,2,0.292,1,0.999999999927621
0.1,1000,10,0.292,1,1
0.1,1000,1,0.293,0.999999999999987,0.999997016196424
0.1,1000,2,0.293,1,0.999999999937676
0.1,1000,10,0.293,1,1
0.1,1000,1,0.294,0.99999999999999,0.99999723624472
0.1,1000,2,0.294,1,0.999999999946361
0.1,1000,10,0.294,1,1
0.1,1000,1,0.295,0.999999999999992,0.999997440679315
0.1,1000,2,0.295,1,0.999999999953858
0.1,1000,10,0.295,1,1
0.1,1000,1,0.296,0.999999999999994,0.999997630560804
0.1,1000,2,0.296,1,0.999999999960327
0.1,1000,10,0.296,1,1
0.1,1000,1,0.297,0.999999999999995,0.999997806881266
0.1,1000,2,0.297,1,0.999999999965905
0.1,1000,10,0.297,1,1
0.1,1000,1,0.298,0.999999999999996,0.999997970568439
0.1,1000,2,0.298,1,0.999999999970714
0.1,1000,10,0.298,1,1
0.1,1000,1,0.299,0.999999999999997,0.999998122489651
0.1,1000,2,0.299,1,0.999999999974856
0.1,1000,10,0.299,1,1
0.1,1000,1,0.3,0.999999999999998,0.999998263455536
0.1,1000,2,0.3,1,0.999999999978423
0.1,1000,10,0.3,1,1
0.1,1000,1,0.301,0.999999999999998,0.999998394223527
0.1,1000,2,0.301,1,0.999999999981494
0.1,1000,10,0.301,1,1
0.1,1000,1,0.302,0.999999999999999,0.99999851550116
0.1,1000,2,0.302,1,0.999999999984135
0.1,1000,10,0.302,1,1
0.1,1000,1,0.303,1,0.999998627949173
0.1,1000,2,0.303,1,0.999999999986406
0.1,1000,10,0.303,1,1
0.1,1000,1,0.304,1,0.999998732184438
0.1,1000,2,0.304,1,0.999999999988357
0.1,1000,10,0.304,1,1
0.1,1000,1,0.305,1,0.999998828782713
0.1,1000,2,0.305,1,0.999999999990033
0.1,1000,10,0.305,1,1
0.1,1000,1,0.306,1,0.999998918281237
0.1,1000,2,0.306,1,0.999999999991472
0.1,1000,10,0.306,1,1
0.1,1000,1,0.307,1,0.99999900118117
0.1,1000,2,0.307,1,0.999999999992707
0.1,1000,10,0.307,1,1
0.1,1000,1,0.308,1,0.999999077949884
0.1,1000,2,0.308,1,0.999999999993766
0.1,1000,10,0.308,1,1
0.1,1000,1,0.309,1,0.999999149023131
0.1,1000,2,0.309,1,0.999999999994674
0.1,1000,10,0.309,1,1
0.1,1000,1,0.31,1,0.999999214807063
0.1,1000,2,0.31,1,0.999999999995452
0.1,1000,10,0.31,1,1
0.1,1000,1,0.311,1,0.999999275680144
0.1,1000,2,0.311,1,0.999999999996118
0.1,1000,10,0.311,1,1
0.1,1000,1,0.312,1,0.99999933199494
0.1,1000,2,0.312,1,0.999999999996689
0.1,1000,10,0.312,1,1
0.1,1000,1,0.313,1,0.999999384079801
0.1,1000,2,0.313,1,0.999999999997176
0.1,1000,10,0.313,1,1
0.1,1000,1,0.314,1,0.999999432240445
0.1,1000,2,0.314,1,0.999999999997594
0.1,1000,10,0.314,1,1
0.1,1000,1,0.315,1,0.999999476761436
0.1,1000,2,0.315,1,0.99999999999795
0.1,1000,10,0.315,1,1
0.1,1000,1,0.316,1,0.999999517907578
0.1,1000,2,0.316,1,0.999999999998255
0.1,1000,10,0.316,1,1
0.1,1000,1,0.317,1,0.99999955592522
0.1,1000,2,0.317,1,0.999999999998515
0.1,1000,10,0.317,1,1
